First_name,Gender
aabiskar,m
aachal,m
aadarsh,m
aadarsha,m
aadesh,m
aaditya,m
aagya,m
aakash,m
aakriti,f
aalok,m
aanchal,m
aaniya,f
aaradhya,m
aaras,m
aarati,f
aarav,m
aarogya,m
aaron,m
aarya,f
aaryaman,m
aaryan,m
aashana,f
aashif,m
aashik,m
aashika,f
aashish,m
aashraya,m
aashu,f
aashutosh,m
aasna,f
aastha,f
aavas,m
aavash,m
aawaz,m
aayush,m
aayusha,f
aayushka,f
aayushma,f
aayushree,f
abal,m
abdul,m
abhi,m
abhijit,m
abhinab,m
abhinav,m
abhinaya,m
abhisam,m
abhishek,m
abhishekh,m
abhishrent,m
abinash,m
abishek,m
acchividhu,f
achyut,m
adarsha,f
adheesh,m
adhipman,m
aditi,f
aditya,m
agrim,m
ainul,m
ajay,m
ajeet,m
ajib,m
ajit,m
akash,m
akhilesh,m
akito,m
akriti,f
akshay,m
alex,m
alin,m
alina,f
alish,m
aliza,f
alok,m
amamul,m
aman,m
amartyaswor,m
amit,m
amlesh,m
amrita,f
amu,f
amulya,m
anamika,f
ananda,m
ananya,f
aniket,m
anil,m
anima,f
animesh,m
anish,m
anisha,f
anjali,f
anjil,m
anjila,f
ankit,m
ankita,f
ankoor,m
anmol,m
annu,f
anshu,m
anubhav,m
anugya,m
anuj,m
anuja,f
anujaya,f
anup,m
anupam,m
anupama,f
anupraj,m
anurag,m
anush,m
anusha,f
anuska,f
anustha,f
aparna,m
apekshya,f
apil,m
arabin,m
aradhya,m
arbin,m
archisha,f
arjit,m
arpan,m
arpita,f
arun,m
arya,f
aryaman,m
asahi,m
asbin,m
ashesh,m
ashik,m
ashim,m
ashish,m
ashmit,m
ashok,m
ashraya,m
ashutosh,m
ashwini,f
asim,m
asmit,m
asmita,f
astuti,f
atit,m
avinabh,m
avinash,m
avinav,m
avisek,m
avishek,m
aviyan,m
awanish,m
awiral,m
ayush,m
ayusha,f
ayushma,f
badal,m
baldeep,m
baliram,m
banshika,f
barsha,f
basant,m
bhagya,m
bhagyarath,m
bharat,m
bhaskar,m
bhawana,f
bhawani,f
bhishm,m
bhupendra,m
bhuwan,m
bibek,m
bibhav,m
bibhu,m
bibhushan,m
bibhushika,f
bibisha,f
bidhan,m
bidhyasagar,m
bijay,m
bijaya,m
bijeet,m
bikal,m
bikalpa,m
bikash,m
bikesh,m
bikram,m
bimal,m
bimarsh,m
bimarsha,f
bimochan,m
binav,m
binay,m
binaya,m
binayak,m
binisha,f
binit,m
biniv,m
binu,f
bipin,m
biplabi,f
biplov,m
bipul,m
biraj,m
birat,m
birendra,m
bisesh,m
bishal,m
bisham,m
bishant,m
bishesh,m
bishow,m
bishowdip,m
bishwas,m
biswas,m
bivash,m
bivek,m
brijesh,m
bronisha,f
chand,m
chandan,m
chandish,m
charwi,f
chetan,m
chetana,f
chhawi,f
chhaya,f
chirayu,m
cosmic,m
cyrus,m
dakshata,f
darpan,m
darshan,m
darwin,m
deepsan,m
deepshikha,f
deewa,f
dendan,m
denish,m
denny,f
dev,m
devesh,m
devish,m
dhan,m
dhiraj,m
dhrub,m
dhurub,m
diba,f
dibya,m
dibyansh,m
diksha,f
dikshant,m
dikshika,f
dikshit,m
dikshya,f
dikshyanta,f
dilasha,f
dinesh,m
dipa,f
dipak,m
dipendra,m
dipesh,m
dipika,f
dipisha,f
dipsa,f
dipti,f
dishant,m
ditish,m
diwakar,m
diwas,m
diwash,m
drishti,f
dristi,f
dropati,f
elina,f
elsan,m
enish,m
enjila,f
eshika,f
estella,f
evika,f
faruka,f
fayeza,f
gajendra,m
ganesh,m
ganga,f
garima,f
gaurab,m
gaurav,m
gautam,m
ghanashyam,m
giriraj,m
girish,m
gokarn,m
gopal,m
govin,m
govinda,m
grishma,f
gyanendra,m
hari,m
harikrishna,m
hem,m
hemanshu,m
himal,m
himani,f
himanshi,f
himanshu,m
hitesh,m
homnath,m
hridam,m
hridayandra,m
hridayanshu,m
hridesh,m
hrishav,m
hritik,m
impress,m
indus,m
inoj,m
isha,f
ishab,m
ishan,m
ishashree,f
ishwor,m
james,m
janak,m
jashmi,f
jasmine,f
jastika,f
jeena,f
jeeyas,m
jenik,m
jenish,m
jenisha,f
jenith,m
jenny,f
jeron,m
jessica,f
jiban,m
jishan,m
jiwan,m
johan,m
joshana,f
junika,f
junu,f
jyoti,f
kabi,m
kabiraj,m
kabita,f
kalpana,f
kalpit,m
kamakshi,f
kamalesh,m
kanchan,m
kapil,m
karuna,f
kasmik,m
kaushal,m
kaustuv,m
keshab,m
keshav,m
khushboo,f
khushi,f
kiran,m
kirtan,m
kohinoor,f
kripa,f
krish,m
krisha,f
krishala,f
krishan,m
krishma,f
krishna,m
kristina,f
kritan,m
kritazya,m
kriti,f
kritika,f
kritima,f
kritish,m
kritisha,f
kshitij,m
kshitish,m
kshitiz,m
kul,m
kushal,m
lakhan,m
lakpa,m
lalan,m
lalit,m
lalita,f
laxman,m
laxmi,f
leena,f
lijima,f
lilaj,m
liza,f
lokendra,m
lokesh,m
lokman,m
lumanti,f
maansi,f
madhav,m
madhusudan,m
mahendra,m
mamata,f
manasi,f
manaswi,f
mandip,m
mandira,f
mani,f
manish,m
manisha,f
manita,f
manjil,m
manjila,f
manjit,m
manju,f
manoj,m
mausam,m
maya,f
meena,f
melina,f
mikchhiring,m
mikita,f
milan,m
miraj,m
mishan,m
mohan,m
mohit,m
monika,f
mukesh,m
muna,f
muskan,m
nabin,m
nabindra,m
naina,f
namuna,f
narayan,m
narendra,m
naresh,m
naveen,m
navin,m
navnit,m
nawaraj,m
neer,m
neha,f
nehab,m
nibesh,m
nibhrit,m
nicholas,m
nidan,m
nikesh,m
niket,m
nikhil,m
nimesh,m
nimisha,f
nimta,f
ninamhang,m
nipsha,f
nipurna,m
niraj,m
nirajan,m
niranjan,m
nirdesh,m
nirdeshika,f
nirika,f
nirjal,m
nirjara,f
nirmal,m
nirnaya,m
nirwan,m
nischal,m
nischhal,m
nisha,f
nishan,m
nishant,m
nishchal,m
nisma,f
nitesh,m
niyati,f
nugen,m
nutan,m
ojashwi,f
ojaswi,f
om,m
palistha,f
pallav,m
pankaj,m
paras,m
paribesh,m
parishkrit,m
parth,m
pawan,m
payal,m
piyush,m
pooja,f
prabal,m
prabesh,m
prabhat,m
prabhav,m
prabidhi,f
prabin,m
prachit,m
prachun,m
pradeep,m
pradiksha,f
pradip,m
pragya,f
pragyan,m
prajeeta,f
prajwal,m
prajwol,m
prakalpa,m
prakash,m
prakriti,f
pramesh,m
pramit,m
pramod,m
pranav,m
pranaya,f
pranika,f
pranish,m
pranisha,f
pranjal,m
pranjit,m
pranshu,f
prasamsha,f
prasanna,m
prasannata,f
prasansa,f
prasansha,f
prashamsa,f
prashamshya,f
prashan,m
prashanna,m
prashant,m
prashanta,f
prashesh,m
prashil,m
prasid,m
prasidha,m
prasil,m
prasis,m
prasun,m
prateek,m
pratigya,m
pratik,m
pratiksha,f
pratikshya,f
pratima,f
pratishthit,m
pratistha,f
prativa,f
pratush,m
pratyoos,m
pratyush,m
pravesh,m
prayasa,f
prayojan,m
preeti,f
prem,m
prerana,f
prince,m
princika,f
prinka,f
prisam,m
pritaz,m
prithak,m
prithu,f
priti,f
priya,f
priyajan,m
priyanka,f
puja,f
pujan,m
pujita,f
pukar,m
pulendra,m
purnika,f
purnima,f
purusotam,m
puspa,f
queen,f
rabin,m
rabina,f
rabindra,m
rachit,m
radheshyam,m
ragee,f
raghav,m
ragini,f
ragosh,m
rahul,m
raj,m
rajan,m
rajanand,m
rajani,f
rajat,m
rajendra,m
rajesh,m
rajish,m
rajit,m
rajiv,m
rajkumar,m
rajun,m
rajwala,f
rakesh,m
rakshya,f
ram,m
raman,m
ranjan,m
ranjana,f
ranjit,m
rasdeep,m
rashami,f
rashika,f
rashmi,f
ratneshwar,m
raunak,m
ravi,m
ravindra,m
reeju,f
reejul,f
reina,f
rejina,f
rekha,f
renisha,f
resha,f
rhiddhi,f
richa,f
rifat,m
riik,m
rija,f
rijan,m
rikesh,m
rikrita,f
risab,m
rishab,m
rishap,m
rishav,m
rishek,m
rishikesh,m
rishit,m
ritesh,m
ritik,m
ritish,m
ritu,f
riwaj,m
riya,f
riyan,m
rizan,m
rmoon,m
rodish,m
rohan,m
rohit,m
roja,f
rojin,f
rojina,f
roma,f
roman,m
romas,m
romee,f
romie,f
ronak,m
ronish,m
roshan,m
roshani,f
roshil,m
roshni,f
rosy,f
rounak,m
royal,m
royas,m
rubin,m
ruby,f
rujan,m
rujin,m
rupesh,m
rusha,f
rushal,m
saan,m
sabal,m
sabhya,f
sabin,m
sabina,f
sachhyam,m
sachin,m
sadhana,f
sadiksha,f
sadikshya,f
sadina,f
safal,m
sagar,m
sagarmani,m
sagun,f
sagya,f
sahaj,m
sahanaj,m
sahid,m
sahil,m
saimon,m
saisa,f
sajina,f
sakar,m
sakchhyam,m
saklen,m
sakriya,f
saksham,m
sakshi,f
sakshy,f
sakshyam,m
saleel,m
samaksha,f
saman,m
samarpan,m
samaya,f
sambid,m
sambodhan,m
sameer,m
samikshya,f
samip,m
samir,m
samira,f
sammit,m
sampada,f
sampurna,f
samragi,f
samrat,m
samriddhi,f
samridhi,f
samundra,m
samyam,m
samyog,m
sanaya,f
sanchita,f
sandeep,m
sandesh,m
sandhya,f
sandip,m
sangit,m
sanjana,f
sanjay,m
sanjeet,m
sanjib,m
sanjip,m
sanjit,m
sanjita,f
sankalp,m
sankalpa,m
sanskar,m
sanskriti,f
santosh,m
santu,f
sapana,f
saptak,m
sarad,m
sarina,f
sarju,f
saroj,m
sashank,m
sashmin,m
sashwot,m
saswat,m
satwik,m
saugat,m
sauhardha,m
saujan,m
saumya,m
saurab,m
saurabmalla,f
saurav,m
sayuj,m
seema,f
seewani,f
sejal,m
shafal,m
shahash,m
shailendra,m
shair,m
shaksham,m
shakti,f
shaligram,m
shaloni,f
shambhu,m
shanaya,f
shankar,m
sharad,m
shashank,m
shashwat,m
sheersa,f
shekhar,m
shiba,m
shikha,f
shikhar,m
shiksha,f
shirish,m
shishir,m
shiv,m
shiva,m
shivam,m
shivang,m
shivashankar,m
shivshankar,m
shovit,m
shraddha,f
shrajeela,f
shrawon,m
shree,m
shreed,m
shreejal,m
shreejan,m
shreevatsa,f
shreeya,f
shreeyam,m
shreeyukta,f
shrejal,m
shreya,f
shreyansh,m
shreyas,m
shreyash,m
shrijan,m
shrinkhala,f
shristi,f
shristika,f
shristy,f
shruti,f
shubham,m
shubheksha,f
shudan,m
shuvam,m
shuyash,m
shweta,f
shyam,m
siddhant,m
siddhanta,f
siddharth,m
siddhartha,m
sijan,m
silvica,f
simon,m
simran,m
sindhu,f
sirsha,f
sital,m
sitashma,f
sitesh,m
siwangi,f
smarika,f
smritee,f
smriti,f
sneha,f
snehi,f
snup,m
sobit,m
somya,f
sona,f
sonia,f
sonika,f
soniya,f
sonu,f
sopnil,m
soyam,m
soyesh,m
spandan,m
sparsh,m
spreeha,f
srashta,f
srijal,m
srijana,f
sristi,f
sthapana,f
stuti,f
subash,m
subesh,m
subha,f
subhakar,m
subham,m
subhas,m
subhash,m
subhashish,m
subhava,f
subhekshya,f
subhikshya,f
subidha,f
subodh,m
sudarshan,m
sudesh,m
sudikshya,f
sudip,m
sudishya,f
sudisna,f
sugam,m
sujal,m
sujan,m
sujen,m
sukrit,m
sulab,m
sulav,m
suman,m
sumin,m
sumina,f
sumira,f
sumit,m
sumnima,f
sunayan,m
sundeep,m
sunil,m
sunim,m
sunitee,f
suniti,f
sunny,m
suprem,m
suprim,m
supriya,f
supurda,f
surachi,f
suraj,m
suravi,f
surendra,m
suresh,m
susan,m
sushant,m
sushil,m
sushma,f
susmita,f
suvam,m
suvrata,f
suwarna,f
suyasa,f
suyash,m
suyasha,f
suyesh,m
suyog,m
swagat,m
swanti,f
swareet,m
swarnim,m
swaroop,m
swarup,m
swastik,m
swastika,f
swatantra,m
swayaksha,f
swechchha,f
swikar,m
sworup,m
tank,m
tanka,f
tanu,f
tapendra,m
teena,f
tejaswi,f
tejendra,m
thyam,m
tisha,f
tishya,f
topendra,m
trisha,f
trishal,m
trishala,f
tushaar,m
tushar,m
uchida,f
udaya,m
uddhav,m
udhyan,m
ujwalta,f
uma,f
umesh,m
umit,m
unika,f
unish,m
unnati,f
upendra,m
usha,f
utkrist,m
utkristha,f
utsav,m
utshav,m
uttam,m
uzeni,f
vaibhav,m
vaishnabi,f
vaskar,m
vidhan,m
vijay,m
vipran,m
yajjyu,m
yalson,m
yangchen,m
yashna,f
yashoda,f
yayok,m
yog,m
yogendra,m
yogesh,m
yubin,m
yubraj,m
yunesh,m
yunika,f
yunisha,f
yuvraj,m
yuwen,m
kiyoshi,f
shailesh,m
kalyan,m
chandra,m
swapnil,m
prayush,m
shilata,f
nirjala,f
shija,f
manyata,f
manee,f
arjun,m
josana,f
pushkar,m
samyek,m
devanshu,m
sambridhi,f
yugunnat,m
devendra,m
kalash,m
kamana,f
dip,m
anjana,f
dakshyata,f
neeka,f
shreedhar,m
nageshwar,m
akshaj,m
krishnika,f
sirjana,f
bhoomika,f
rajin,m
sujina,f
savyata,f
rojesh,m
sunishrestha,f
aryan,m
aashi,f
kishan,m
anita,f
jharna,f
hardik,m
shreeshrestha,f
rosha,f
tulsa,f
drisana,f
subrat,m
awonchit,m
krisna,f
shreyak,m
swikrit,m
abhay,m
sameep,m
alishna,f
gagan,m
grishmika,f
samar,m
parashar,m
hemant,m
sanyog,m
digantaraj,m
nrip,m
devnayak,m
manesh,m
swosjoshi,f
suhana,f
prajisha,f
prawesh,m
krrisha,f
shriharsh,m
revant,m
samigya,m
sadit,m
smrithapa,f
evan,m
prashansa,f
sayara,f
nabina,f
sashik,m
anzeelina,f
sachit,m
aatma,f
anunaya,m
karan,m
anunayan,m
anshrisharma,f
pramisha,f
kreetee,f
abiral,m
sewak,m
bijeta,f
marnav,m
puskar,m
sahara,f
rubana,f
yunik,m
sweta,f
swaska,f
pranay,m
awaj,m
asha,f
prarthana,f
saarika,f
bipas,m
sarika,f
sunidhi,f
manika,f
erika,f
antara,f
sushila,f
bigyan,m
kushmakar,m
loyash,m
sujjal,m
riyaj,m
parista,f
rubina,f
saphal,m
kebal,m
reshma,f
sheetal,m
ankush,m
sunaina,f
pradika,f
satvik,m
bipana,f
abhijan,m
bhim,m
abhijeet,m
parikchit,m
aashesh,m
poshak,m
prak,m
keepa,f
loresh,m
sudeep,m
deekshya,f
abhiyan,m
munu,f
niyonika,f
alisha,f
mahesh,m
sanik,m
sabita,f
enjal,m
modhnath,m
inam,m
sabinaya,m
sonam,m
rojit,m
ashika,f
aashma,f
ujwal,m
reeshav,m
aryama,f
dipson,m
kala,f
bibash,m
rajnish,m
elish,m
pradikshya,f
utkrista,f
prashantraj,m
nigam,m
shashi,f
kriskoju,f
pritam,m
ocean,m
deepesh,m
rohini,f
samyak,m
bigya,m
sudin,m
prachi,f
lenin,m
bikranshu,m
mihar,m
tilasmi,f
rochak,m
rubi,f
amshu,m
sangyan,m
reason,m
madhab,m
madhusudhan,m
jan,m
praliza,f
aakansha,f
drishya,f
juna,f
bimosh,m
pandit,m
raksha,f
satyam,m
deep,m
rajisha,f
praful,m
prasiddha,f
krijan,m
alka,f
subikhyat,m
swoham,m
prashish,m
sajish,m
binayek,m
suvesh,m
nishchita,f
souvik,m
sarita,f
kimesh,m
bidhi,f
sarthak,m
srijeet,m
dixit,m
namrata,f
prajina,f
subani,f
himesh,m
sunita,f
lunza,f
ayushka,f
ghanshyam,m
ananta,f
eshana,f
arman,m
gita,f
sahitya,m
shasanka,f
irfan,m
siwansh,m
shaska,f
palpasa,f
reema,f
sarbesh,m
shasank,m
sajeena,f
shrumaharjan,m
anisa,f
sharamsh,m
ujashna,f
yuraj,m
subekshya,f
renish,m
ikshya,f
deepika,f
preyas,m
prasoon,m
sujit,m
sanjeebani,f
shovan,m
krishal,m
biral,m
arjabi,f
atul,m
ramakant,m
dhanesh,m
saran,m
sitanandan,m
alpika,f
suchana,f
kripesh,m
ritika,f
dikesh,m
sulochana,f
tirtha,f
kriman,m
parkash,m
eshan,m
kheman,m
kamlesh,m
sapath,m
barshika,f
aaviskar,m
jeniv,m
utsab,m
prisha,f
prish,m
nandini,f
daman,m
swikriti,f
pranzal,m
damodar,m
grish,m
jeevan,m
bishwash,m
rison,m
selina,f
riju,f
aesrela,f
aarju,f
jay,m
krika,f
abhisek,m
bishan,m
lilamani,f
didhimaharjan,m
tekraj,m
khemchandra,m
pratham,m
akanshya,f
dhirendra,m
basanta,f
pitambar,m
pranushka,f
nerish,m
rachana,f
dewesh,m
abishika,f
prajila,f
harsh,m
supooja,f
devraj,m
samit,m
samiksha,f
abisha,f
dwiya,f
tejash,m
ronisha,f
agrima,f
swasteek,m
samuna,f
dipsana,f
satya,m
raju,f
prayash,m
kritagya,m
yukesh,m
sawar,m
salina,f
rhikiranjan,m
reyansh,m
lawan,m
shikshya,f
charchit,m
shisham,m
uam,m
nishal,m
kritesh,m
dolma,f
reyasa,f
sajin,m
prashila,f
atal,m
aaswi,f
nishrit,m
chandrashekhar,m
aatmiyata,f
prashna,f
abhipsa,f
dumajal,m
manik,m
hemraj,m
bhuban,m
prasuna,f
sangita,f
preza,f
ojash,m
ashwin,m
subhadra,m
saraswaupadhyay,m
ranish,m
dheeraj,m
rivana,f
rujal,m
abhinash,m
saugan,m
binita,f
resima,f
arjan,m
arogya,m
prastha,f
kritana,f
rima,f
chitra,m
deepak,m
sanjog,m
yash,m
durgesh,m
rebika,f
shital,m
parakram,m
tuluram,m
miyusha,f
sanjiban,m
tatsam,m
kunal,m
anjan,m
kabit,m
barosh,m
prat,m
nayan,m
aswin,m
srijan,m
pravash,m
jhalak,m
prashiddhi,f
prash,m
unnasilwal,m
aadiv,m
khal,m
aaryaka,f
yozeet,m
sediya,f
suhan,m
joshan,m
nalisha,f
sangam,m
jabin,m
sarisma,f
bibhas,m
nirusha,f
inesh,m
sourav,m
ajendra,m
sahas,m
bhagwalamsal,m
krit,m
priyanjali,f
sushan,m
subin,m
jyochapagain,m
shrismallik,m
harina,f
yojika,f
slesha,f
bighyan,m
alon,m
sijar,m
dibas,m
prama,f
bhumi,f
khagendra,m
himangat,m
aayuska,f
radha,f
mamta,f
pravin,m
nirbhik,m
anshul,m
aditee,f
niroj,m
rakshyak,m
adwait,m
aarushi,f
prasanta,f
grisha,f
suyogya,m
sobhit,m
akit,m
bishwaprak,m
roshmi,f
nitya,m
devnandan,m
shrijika,f
pushpa,f
nikita,f
rabi,f
viraj,m
dibash,m
adip,m
diya,f
sajana,f
jonash,m
nidhi,f
samana,f
mission,m
yugal,m
shubrat,m
oshan,m
abishma,f
loveson,m
labish,m
nish,m
abhideep,m
nirab,m
prapty,f
brisha,f
dinkar,m
anjal,m
asmi,f
rojal,m
digambar,m
rizma,f
bibesh,m
anshika,f
sindhuja,f
ramesh,m
rinju,f
nischita,f
prachin,m
siddhika,f
jeewan,m
ambika,f
sajala,f
krishika,f
siddhi,f
aakrihamal,m
kundan,m
pragik,m
kopila,f
bibhusan,m
harka,f
shusila,f
alwin,m
darsan,m
karishma,f
pradeshika,f
anushka,f
pradipta,f
adiranjitkar,m
sumiran,m
subigya,m
abhishu,m
swoyam,m
harish,m
pranusha,f
hrishita,f
samak,m
shounak,m
aisha,f
sadeep,m
risham,m
nandishi,f
shiwant,m
arekh,m
mison,m
bhabish,m
kamal,m
shrista,f
roshila,f
shreesh,m
aagav,m
kunjal,m
salon,m
yakendra,m
kabin,m
sakal,m
romiyan,m
yolisa,f
krigya,m
niruta,f
gaurishankar,m
suvanjan,m
ishika,f
aayog,m
prashamsha,f
jagat,m
nasala,f
ronit,m
satrishna,f
shailaj,m
sashwat,m
pramish,m
mahima,f
sujin,m
lochan,m
jina,f
deepgautam,m
robhana,f
matrika,f
bijan,m
shruthapa,f
monalisa,f
sukrish,m
swikritimilsina,f
antariksha,f
subarna,f
briksha,f
ash,m
suyana,f
husan,m
unnat,m
swarnima,f
amrit,m
koshish,m
gokul,m
jitendra,m
swoska,f
shashin,m
rebant,m
astha,f
pabina,f
adikhadka,f
avigya,m
binish,m
indira,f
rijesh,m
utkarsh,m
arpit,m
harsha,f
suijal,m
shibam,m
srishgupta,f
praphabi,f
dipam,m
subina,f
yadav,m
chuddant,m
gyanbi,f
saramsha,f
olsan,m
anukrithapa,f
popular,m
lumesh,m
milesh,m
ojaswee,f
subana,f
bharosa,f
unnasangraula,f
unik,m
tara,f
ujjwal,m
sujana,f
sundar,m
summit,m
angaj,m
sushantdeep,m
chuman,m
benjan,m
babin,m
sarwagya,m
simana,f
sushanta,f
supreet,m
smerrydica,f
arushi,f
vinay,m
kritam,m
shreekrishna,f
ojas,m
gehendra,m
gyanu,f
kevin,m
sarshan,m
saubhagya,m
bishwajit,m
bardan,m
chandani,f
ramsundar,m
tilak,m
pravidhi,f
anik,m
nirvik,m
sudan,m
surangana,f
auraj,m
zinas,m
rika,f
purushoam,m
akanksha,f
poojan,m
sovit,m
manmohan,m
aasuka,f
nin,m
sarada,f
biplav,m
bhumika,f
sadish,m
tejindra,m
suvigya,m
upasana,f
vivan,m
bikrant,m
amisha,f
sahima,f
sarishma,f
musnit,m
lajjita,f
kelvin,m
shreeyut,m
md,m
prava,f
drishpoudel,f
binbhandari,f
sajid,m
kapur,m
sun,f
kshiz,m
david,m
ashirwad,m
aamod,m
samprad,m
owen,m
apechhya,f
riwaz,m
bishaarad,m
bodh,m
arohi,f
gayatri,f
ahamad,m
kribhandari,f
lakki,m
utsuk,m
umanga,m
radium,m
shashwot,m
kumud,m
anirudh,m
saru,f
amir,m
shrubhaarai,f
saujanya,f
supreme,m
shisir,m
rhythm,m
kasees,m
prarambha,m
manasvi,f
rakhi,f
sadhvi,f
nikunj,m
pratap,m
shrukumari,f
smriadhikari,f
aakriadhikari,f
abhaya,m
galij,m
akrigurung,f
sarsworokaya,f
loonibha,f
binod,m
aakripandey,f
chirag,m
dhurba,m
bishist,m
maitreya,m
jyokumari,f
suprabha,m
aakrichaudhary,f
jems,m
kishor,m
md.,m
ujef,m
aarus,m
bisheyshwor,m
luva,f
chris,m
lepmuhang,m
prabha,f
sworoop,m
murari,f
prashun,m
swikripandey,f
bhuwaneshwori,f
arsu,f
ijjya,f
unnashakya,f
benup,m
swosk,m
angel,m
kritripathi,f
sureesubba,f
priyans,m
bidur,m
ronen,m
dirghayu,m
shrispokhrel,f
shova,f
tarun,m
suprabh,m
jyoshah,f
nishes,m
anagha,f
sadiccha,f
romis,m
umang,m
roshis,m
bibhut,m
swask,m
aswo,m
yansu,m
slok,m
sayuk,m
aashirbad,m
durga,f
sulabh,m
prithvi,m
mohammad,m
kripun,m
nanya,m
mahi,f
shreyup,m
lok,m
ruben,m
jayed,m
adipoudel,f
akshobh,m
dipshikha,m
mahadev,m
ellis,f
sheshadri,f
guru,m
sher,m
sangmo,m
dilkaji,m
dipeen,m
kabir,m
bidyanand,m
nabind,m
research,m
avi,m
bindu,f
madhu,f
avignya,m
aashirwad,m
bibekanand,m
micky,m
nikki,f
aakrighimire,f
jenif,m
arjen,m
diken,m
samragyi,f
ramdev,m
spriha,f
subol,m
nancy,f
bishnudev,m
ramanand,m
reshod,m
apoorva,m
debid,m
lucky,m
dippoudel,f
aseem,m
sahadev,m
reeva,f
sesehang,m
shilu,f
pranaw,m
arbind,m
bickey,m
everest,m
guddu,m
aakrikarki,f
dinup,m
sichu,m
saurabh,m
sadikchya,f
swikrikafle,f
subhechha,f
bishakha,f
dhanishor,m
pradipkandel,f
abhips,m
surabhi,f
prappaudel,f
anushrut,m
shrughising,f
ananga,m
emmanuel,m
surasa,f
saloni,f
yutsna,f
raunika,f
anurat,m
nistha,f
ranjita,f
prekshya,f
rama,f
prasam,m
yudhin,m
sharwan,m
tupendra,m
kriyashan,m
darshana,f
abastha,f
anvil,m
suprina,f
aashray,m
saira,f
arshia,f
pragyee,f
chahana,f
adarsh,m
pranab,m
ishu,m
sailesh,m
dalton,m
rojeet,m
sanat,m
dibisha,f
angela,f
manjesh,m
pradyumna,f
kabil,m
nixan,m
ismriti,f
bivab,m
smith,m
shikshit,m
firoj,m
prawal,m
namit,m
sara,f
bhargab,m
samriddha,f
ruyoj,m
anu,f
suryoda,f
ozaswi,f
nishanta,f
sudha,f
meelisa,f
sanju,f
nasharina,f
baidik,m
krilsha,f
sudiska,f
sugat,m
priyan,m
dikita,f
swodhin,m
suwarnareta,f
nija,f
prakhar,m
deepan,m
rirendra,m
abhyasa,f
prehisha,f
prayas,m
aayasha,f
prasiddhi,f
batsal,m
aadim,m
onaj,m
rishika,f
rupak,m
raushan,m
prepshuna,f
soham,m
bhisma,f
swayash,m
aayam,m
sohan,m
shleshma,f
abhigya,m
nebil,m
prabjan,m
aashriya,f
rasika,f
denil,m
abhishak,m
tadillata,f
sanchit,m
subharatna,f
nidhisha,f
rasik,m
sajal,m
srishti,f
esha,f
prapti,f
sushmita,f
shudarshan,m
prajit,m
shaswat,m
rizon,m
somnath,m
aabhushan,m
saharsha,f
nisman,m
remon,m
siliya,f
abhushan,m
ashal,m
neelmani,f
raghab,m
raul,m
deependra,m
amar,m
simrika,f
suchita,f
saxat,m
manogya,m
sarbagya,m
koishna,f
sabik,m
praphul,m
sampanna,f
aagaman,m
yugant,m
samyukta,f
shreyam,m
nimish,m
gloriya,f
bishleshan,m
rashik,m
bhavik,m
tosin,m
subhesh,m
dilip,m
manush,m
aaroshree,f
aadista,f
prithukrit,m
mithlesh,m
shronit,m
yajju,f
anuraj,m
ukti,f
sakina,f
abishekh,m
niharika,f
riti,f
chandrakant,m
manas,m
yashwant,m
anshita,f
aanat,m
romika,f
jasna,f
atulit,m
rasmi,f
anwesh,m
kismat,m
sufal,m
pranita,f
komal,m
prabisha,f
bibigya,m
rajib,m
chanda,f
adhish,m
abhrilla,f
abijeet,m
prastuti,f
jeshika,f
philip,m
prastav,m
pramita,f
samarth,m
amezon,m
sharvani,f
kunjan,m
ushma,f
samita,f
mukta,f
nitant,m
sangya,m
rajab,m
adwitiya,f
rashi,f
dinanath,m
rajashwi,f
bhagwati,f
shreeson,m
pritika,f
ajita,f
aakrisha,f
bishista,f
buddha,f
nidip,m
amirosh,m
buddhi,f
samvav,m
roshika,f
yuksha,f
ruprasa,f
darshil,m
prithviraj,m
krisa,f
sangeet,m
vivek,m
saijal,m
divyansh,m
prayan,m
sakchham,m
apeksha,f
mimansh,m
bhusan,m
shreeza,f
arnav,m
suhani,f
ebin,m
vansh,m
austin,m
labraj,m
pritee,f
aayushi,f
suvekshya,f
supradik,m
soni,f
suprav,m
nirbik,m
wortika,f
kritik,m
shriya,f
barada,f
sinjal,m
swasti,f
sumitra,m
netra,m
jayashree,f
aviraj,m
disip,m
lara,f
rasin,m
prijesh,m
nischit,m
kushagra,f
odip,m
simal,m
jayram,m
stundiv,m
akraj,m
ritwik,m
aakanksha,f
pema,f
anvee,f
akashi,f
banisha,f
ajar,m
yuganta,f
prinshav,m
shubi,f
aleena,f
utkarsa,f
sudeesh,m
manash,m
anukul,m
sujeet,m
aprish,m
samik,m
arip,m
vision,m
ishant,m
shreeyash,m
dharma,f
hariram,m
urmila,f
medhawee,f
naman,m
rojisha,f
sushovit,m
mannu,f
nibisa,f
nabaraj,m
shiron,m
suvajit,m
utkrish,m
sirjan,m
sashanka,f
melan,m
shirshak,m
jeehana,f
aawishkar,m
samvriddha,f
nishma,f
remant,m
shivanshu,m
mausami,f
bilson,m
iksha,f
unisha,f
ankeet,m
nabashree,f
pratha,f
dipsan,m
swostika,f
richal,m
utkristi,f
bidushi,f
welson,m
priyanshu,m
balkrishna,f
shreeju,f
yugesh,m
shanti,f
rajneesh,m
atulya,m
shubhashree,f
agraj,m
ratish,m
dida,f
bandhan,m
navneet,m
joshila,f
bashanta,f
jamuna,f
subas,m
sushim,m
ambesha,f
srishant,m
susajit,m
runishma,f
shrawan,m
istuti,f
shuvashree,f
sakshat,m
anjita,f
sivendra,m
sayal,m
sudhanshu,m
sarbansa,f
salami,f
prerit,m
dewansh,m
gyan,m
kailash,m
shalin,m
rakshak,m
sayami,f
kishtian,m
benjamin,m
divyanshu,m
aarjit,m
suveksha,f
navanit,m
prasamsa,f
sarjan,m
daisy,f
digdarshan,m
saniya,f
priyansh,m
rupeshwar,m
parikshit,m
sanjiv,m
yograj,m
sisam,m
sajjan,m
nilotpal,m
amrendra,m
sailendra,m
akchit,m
jharana,f
bipasha,f
bhabisha,f
treepti,f
anjolina,f
anupriya,f
shreeyon,m
nigisha,f
dadhichi,f
alib,m
durlav,m
sambardhan,m
tashant,m
ameesha,f
sthiti,f
mitra,m
aieshma,f
abhinandan,m
sunami,f
parbati,f
rabiya,f
swopnil,m
kohalson,m
monsoon,m
mitesh,m
parisha,f
sunusha,f
zenith,m
nawnit,m
parash,m
rudish,m
enoj,m
yana,f
shribik,m
nima,f
shiddhartha,f
anjala,f
rahil,m
shadhana,f
paban,m
sirish,m
mohak,m
safalta,f
sabhar,m
sijal,m
chhabi,f
romisha,f
suzal,m
sargam,m
reazon,m
adarshana,f
sagyan,m
asta,f
abinav,m
indra,m
ismaran,m
uday,m
bandana,f
rittik,m
aastika,f
praneet,m
aiush,m
nabraj,m
pranis,m
sakshem,m
image,m
onyx,m
resuv,m
suhrid,m
yukie,f
kashyap,m
abir,m
love,m
progress,m
apekchhaya,f
subibhu,f
junaid,m
prajyol,m
reezone,m
zephyr,m
saya,f
sadichchha,f
richard,m
shubha,f
shikchhya,f
apurba,m
pallavi,f
sambeg,m
anamol,m
samarthya,m
abhyudaya,m
tanishq,m
nhoojah,f
bhabisya,m
rocky,m
tridev,m
bishrut,m
anjel,f
pinky,f
aarsu,f
suvlove,m
sheikh,m
kriss,m
surya,m
sagarji,f
aabha,f
anurodh,m
aarambha,m
dawa,m
malavi,f
diwen,m
subedh,m
pratibha,f
aasirbad,m
niten,m
yangdi,f
sisum,m
shilpi,f
abhinawa,f
oasis,m
wangchu,m
samikchha,f
joseph,m
shreyans,m
prajaya,f
aryaa,f
subeen,m
ivha,f
tanuj,m
bedanand,m
anand,m
karun,m
suri,f
gauri,f
balhang,m
dilbandu,m
himans,m
kushum,f
sarup,m
mihir,m
mireya,f
subhechchha,f
bedh,m
tapasya,m
bishwo,m
shaumya,f
hemanga,m
nibha,f
kusum,f
kastup,m
amogh,m
dibbhya,f
michael,m
tangsang,m
ansu,f
shreeye,f
drabya,m
nimsang,m
mithles,m
kavya,m
dayanand,m
dixie,f
aarohi,f
devi,f
sahasi,f
nugaw,m
atharba,m
prithivi,m
ari,f
bijen,m
shrayes,m
khem,m
aangmaya,f
sachid,m
aafreen,m
aarshabh,m
senung,m
unique,m
projol,m
aayus,m
kishlaya,m
carol,f
sange,f
sanjaya,f
samipya,f
anurup,m
nijel,m
shlok,m
niva,f
baibhawa,m
